{
	"description": "项目配置文件",
	"packOptions": {
		"ignore": []
	},
	"setting": {
		"urlCheck": false,
		"es6": true,
		"postcss": true,
		"minified": true,
		"newFeature": true,
		"autoAudits": false
	},
	"compileType": "miniprogram",
	"libVersion": "2.6.0",
	"appid": "wx1a802f0b7e319ff6",
	"projectname": "%E6%95%99%E5%8A%A1%E7%AE%A1%E7%90%86%E7%B3%BB%E7%BB%9F",
	"debugOptions": {
		"hidedInDevtools": []
	},
  "cloudfunctionRoot": "./cloud-functions", 
	"isGameTourist": false,
	"condition": {
		"search": {
			"current": -1,
			"list": []
		},
		"conversation": {
			"current": -1,
			"list": []
		},
		"game": {
			"currentL": -1,
			"list": []
		},
		"miniprogram": {
			"current": -1,
			"list": []
		}
	}
}